"pseudotime_bin","mean_pseudotime","program","mean_UCell","scaled_score"
1,3.05877043755567,"YAP/TEAD",0.218115317380023,0.829411879222878
1,3.05877043755567,"Integrin/FAK",0.117113434504739,-1.10868679720661
1,3.05877043755567,"RhoA/ROCK",0.153621176909393,-1.36235024945342
1,3.05877043755567,"Myofibroblast",0.19828317466047,-2.43138400721554
1,3.05877043755567,"ECM organization",0.107753254831497,-2.38587970915823
1,3.05877043755567,"Fibroblast activation",0.0624547270464722,-1.94317837922228
1,3.05877043755567,"Inflammation",0.053400102240307,-0.936568262060131
1,3.05877043755567,"TGF-beta",0.172807717220352,1.54186171984264
1,3.05877043755567,"TGF-beta/SMAD",0.179456412099189,-0.950217904933355
2,3.87772476907322,"YAP/TEAD",0.219103796309679,0.849729144915314
2,3.87772476907322,"Integrin/FAK",0.0982999722130157,-1.40143701306162
2,3.87772476907322,"RhoA/ROCK",0.135238479763706,-2.0502892898046
2,3.87772476907322,"Myofibroblast",0.187392275413978,-2.50040954631371
2,3.87772476907322,"ECM organization",0.110126454795355,-2.16018314888196
2,3.87772476907322,"Fibroblast activation",0.0639425877200664,-1.75505468334722
2,3.87772476907322,"Inflammation",0.0498825356079239,-1.23424185231751
2,3.87772476907322,"TGF-beta",0.169387146436295,1.3195514650249
2,3.87772476907322,"TGF-beta/SMAD",0.171689606739999,-1.41292402037844
3,4.61968670826585,"YAP/TEAD",0.203051122168769,0.519781347536717
3,4.61968670826585,"Integrin/FAK",0.0930130799696017,-1.48370463724808
3,4.61968670826585,"RhoA/ROCK",0.134901170446343,-2.06291247813486
3,4.61968670826585,"Myofibroblast",0.18733512310307,-2.50077177251578
3,4.61968670826585,"ECM organization",0.110081371280622,-2.16447069074749
3,4.61968670826585,"Fibroblast activation",0.0658412450135196,-1.51499025151993
3,4.61968670826585,"Inflammation",0.0536747004724918,-0.913330424601632
3,4.61968670826585,"TGF-beta",0.15647655879374,0.480464596236561
3,4.61968670826585,"TGF-beta/SMAD",0.162992219543171,-1.931069391384
4,5.09868878357473,"YAP/TEAD",0.222604766722414,0.921688337896487
4,5.09868878357473,"Integrin/FAK",0.0969183230052795,-1.42293641054247
4,5.09868878357473,"RhoA/ROCK",0.133212925043716,-2.12609199488129
4,5.09868878357473,"Myofibroblast",0.218521860758923,-2.30311303647505
4,5.09868878357473,"ECM organization",0.114191507234471,-1.77358767996931
4,5.09868878357473,"Fibroblast activation",0.0642055806367157,-1.72180210778884
4,5.09868878357473,"Inflammation",0.0505070446156762,-1.18139286382237
4,5.09868878357473,"TGF-beta",0.152594395879182,0.22815447571463
4,5.09868878357473,"TGF-beta/SMAD",0.1649617943011,-1.81373230835263
5,5.83170204424257,"YAP/TEAD",0.278913438839909,2.07906075917637
5,5.83170204424257,"Integrin/FAK",0.105042165911731,-1.2965239125366
5,5.83170204424257,"RhoA/ROCK",0.142589255782769,-1.77519985323751
5,5.83170204424257,"Myofibroblast",0.328265577764743,-1.60756723648942
5,5.83170204424257,"ECM organization",0.125260055088593,-0.720944322488699
5,5.83170204424257,"Fibroblast activation",0.0704713798589976,-0.929560382319145
5,5.83170204424257,"Inflammation",0.0547748886942791,-0.820227148341458
5,5.83170204424257,"TGF-beta",0.159557426619257,0.680696824887613
5,5.83170204424257,"TGF-beta/SMAD",0.171797016981787,-1.40652507339334
6,6.51760992202008,"YAP/TEAD",0.256821493953847,1.62498136461683
6,6.51760992202008,"Integrin/FAK",0.113273808925983,-1.16843397183899
6,6.51760992202008,"RhoA/ROCK",0.145206564677316,-1.67725182336207
6,6.51760992202008,"Myofibroblast",0.343533516822332,-1.51080041306043
6,6.51760992202008,"ECM organization",0.122075657644243,-1.02378755554436
6,6.51760992202008,"Fibroblast activation",0.0834658682909019,0.713450440670269
6,6.51760992202008,"Inflammation",0.0597503801696239,-0.399176869684058
6,6.51760992202008,"TGF-beta",0.174564854213626,1.65606183362048
6,6.51760992202008,"TGF-beta/SMAD",0.179167169088782,-0.967449508350194
7,7.35080254716051,"YAP/TEAD",0.241011853144206,1.30002889148376
7,7.35080254716051,"Integrin/FAK",0.120696114174375,-1.05293787495285
7,7.35080254716051,"RhoA/ROCK",0.163477423115372,-0.993498143439354
7,7.35080254716051,"Myofibroblast",0.408927792567192,-1.09633737974594
7,7.35080254716051,"ECM organization",0.131839067092319,-0.0952657442523527
7,7.35080254716051,"Fibroblast activation",0.0729997045048638,-0.609881406193404
7,7.35080254716051,"Inflammation",0.0543459360620417,-0.856527205577892
7,7.35080254716051,"TGF-beta",0.154794805565278,0.371163835526533
7,7.35080254716051,"TGF-beta/SMAD",0.180103755971617,-0.911652503237812
8,7.93923554258459,"YAP/TEAD",0.230590454855161,1.08582673545091
8,7.93923554258459,"Integrin/FAK",0.137064824021346,-0.79822966299991
8,7.93923554258459,"RhoA/ROCK",0.170956742864219,-0.713598191341814
8,7.93923554258459,"Myofibroblast",0.443790326219375,-0.8753817795511
8,7.93923554258459,"ECM organization",0.137381197713283,0.431803123437937
8,7.93923554258459,"Fibroblast activation",0.0725799262699218,-0.662957769059042
8,7.93923554258459,"Inflammation",0.055189152565211,-0.785170125501021
8,7.93923554258459,"TGF-beta",0.15357709667551,0.292022314807257
8,7.93923554258459,"TGF-beta/SMAD",0.175983734494373,-1.15710208580399
9,8.39710980475291,"YAP/TEAD",0.219075191501662,0.849141199672255
9,8.39710980475291,"Integrin/FAK",0.132802367584976,-0.864556372165439
9,8.39710980475291,"RhoA/ROCK",0.17849901317677,-0.43134242877525
9,8.39710980475291,"Myofibroblast",0.451734873437712,-0.82502995439642
9,8.39710980475291,"ECM organization",0.135860303543591,0.287162727402505
9,8.39710980475291,"Fibroblast activation",0.0651178320536777,-1.60645790172713
9,8.39710980475291,"Inflammation",0.0516624952216643,-1.08361301593459
9,8.39710980475291,"TGF-beta",0.144184071863432,-0.318450577382254
9,8.39710980475291,"TGF-beta/SMAD",0.17985662834487,-0.92637508979728
10,8.78694494016913,"YAP/TEAD",0.195053216679514,0.355391833574256
10,8.78694494016913,"Integrin/FAK",0.119282979463975,-1.07492720818067
10,8.78694494016913,"RhoA/ROCK",0.164955392017814,-0.938187842651748
10,8.78694494016913,"Myofibroblast",0.457232642639694,-0.790185588066763
10,8.78694494016913,"ECM organization",0.141604410580621,0.833439998538527
10,8.78694494016913,"Fibroblast activation",0.0728887188193656,-0.623914331262051
10,8.78694494016913,"Inflammation",0.0511051361188479,-1.13077945300237
10,8.78694494016913,"TGF-beta",0.142123115478134,-0.452396567133275
10,8.78694494016913,"TGF-beta/SMAD",0.184218046480085,-0.666544342167075
11,9.0589038068799,"YAP/TEAD",0.173962499438278,-0.0781082573013475
11,9.0589038068799,"Integrin/FAK",0.118478891427937,-1.08743936264041
11,9.0589038068799,"RhoA/ROCK",0.158429061817873,-1.18242389240987
11,9.0589038068799,"Myofibroblast",0.460208945527614,-0.771322048270054
11,9.0589038068799,"ECM organization",0.139463759387708,0.629859340208193
11,9.0589038068799,"Fibroblast activation",0.0765358529787316,-0.162774138777035
11,9.0589038068799,"Inflammation",0.0537491497095917,-0.907030168198398
11,9.0589038068799,"TGF-beta",0.143773790084407,-0.345115672946832
11,9.0589038068799,"TGF-beta/SMAD",0.184801924904685,-0.631759883790073
12,9.32397493849421,"YAP/TEAD",0.187804842216607,0.206408233233382
12,9.32397493849421,"Integrin/FAK",0.133439939735435,-0.854635317668633
12,9.32397493849421,"RhoA/ROCK",0.17317409892862,-0.630617669442783
12,9.32397493849421,"Myofibroblast",0.500185830078789,-0.51795215243715
12,9.32397493849421,"ECM organization",0.141611629036564,0.834126489648182
12,9.32397493849421,"Fibroblast activation",0.0757835096169353,-0.257899721635736
12,9.32397493849421,"Inflammation",0.053832090476031,-0.900011317298069
12,9.32397493849421,"TGF-beta",0.143686328296775,-0.350800002704283
12,9.32397493849421,"TGF-beta/SMAD",0.19111363499085,-0.255740823092339
13,9.59122714973769,"YAP/TEAD",0.21060146600804,0.67497164775404
13,9.59122714973769,"Integrin/FAK",0.135352465315086,-0.82487512427151
13,9.59122714973769,"RhoA/ROCK",0.174597511843129,-0.577349027378423
13,9.59122714973769,"Myofibroblast",0.520253967774345,-0.390762102122589
13,9.59122714973769,"ECM organization",0.14484379300976,1.14151242513987
13,9.59122714973769,"Fibroblast activation",0.0760059646133591,-0.229772722356949
13,9.59122714973769,"Inflammation",0.0559307836925305,-0.722409693819802
13,9.59122714973769,"TGF-beta",0.149432579336217,0.0226612157505773
13,9.59122714973769,"TGF-beta/SMAD",0.195802356891877,0.0235889910196094
14,9.79510341406369,"YAP/TEAD",0.221244369817034,0.893726643878992
14,9.79510341406369,"Integrin/FAK",0.139445882117533,-0.761178786302498
14,9.79510341406369,"RhoA/ROCK",0.191084793467659,0.0396575309567744
14,9.79510341406369,"Myofibroblast",0.570169362210018,-0.0744028252400906
14,9.79510341406369,"ECM organization",0.147050163364013,1.35134312092361
14,9.79510341406369,"Fibroblast activation",0.0730253496067763,-0.606638863770924
14,9.79510341406369,"Inflammation",0.0576303890246561,-0.578580827416304
14,9.79510341406369,"TGF-beta",0.153948163618342,0.31613875379459
14,9.79510341406369,"TGF-beta/SMAD",0.202031385385578,0.394682309832702
15,10.0261381241747,"YAP/TEAD",0.222347073341883,0.916391689963636
15,10.0261381241747,"Integrin/FAK",0.143905022775768,-0.691791537428022
15,10.0261381241747,"RhoA/ROCK",0.197535658323259,0.281069427319188
15,10.0261381241747,"Myofibroblast",0.609404814963098,0.174267942595231
15,10.0261381241747,"ECM organization",0.147968482744967,1.43867732312862
15,10.0261381241747,"Fibroblast activation",0.0705351505961117,-0.921497270653185
15,10.0261381241747,"Inflammation",0.0545449728394812,-0.839683745787187
15,10.0261381241747,"TGF-beta",0.150859614904996,0.115407327717586
15,10.0261381241747,"TGF-beta/SMAD",0.20314384690908,0.460957016911908
16,10.3012016518675,"YAP/TEAD",0.225026703400406,0.971468995329594
16,10.3012016518675,"Integrin/FAK",0.162284538204271,-0.405793828682421
16,10.3012016518675,"RhoA/ROCK",0.211232523515608,0.793649720709646
16,10.3012016518675,"Myofibroblast",0.66661630621171,0.536869224332175
16,10.3012016518675,"ECM organization",0.148512165748828,1.49038277809269
16,10.3012016518675,"Fibroblast activation",0.0742252532490835,-0.454924182489983
16,10.3012016518675,"Inflammation",0.0548379706468381,-0.814888846821931
16,10.3012016518675,"TGF-beta",0.148600822952245,-0.0313964212171557
16,10.3012016518675,"TGF-beta/SMAD",0.212226757645373,1.00206988756619
17,10.5598400226075,"YAP/TEAD",0.233160006083882,1.13864147277915
17,10.5598400226075,"Integrin/FAK",0.173744726430148,-0.227465537757427
17,10.5598400226075,"RhoA/ROCK",0.227644055378669,1.40782148185492
17,10.5598400226075,"Myofibroblast",0.72762598297313,0.923543063961974
17,10.5598400226075,"ECM organization",0.147433975156621,1.38784447045355
17,10.5598400226075,"Fibroblast activation",0.0784354889532627,0.0774140365597917
17,10.5598400226075,"Inflammation",0.0577405367889024,-0.569259588085634
17,10.5598400226075,"TGF-beta",0.157979983943894,0.578175431453866
17,10.5598400226075,"TGF-beta/SMAD",0.220846635377957,1.51559764535094
18,11.0472556745313,"YAP/TEAD",0.239521507903861,1.26939623021691
18,11.0472556745313,"Integrin/FAK",0.187835267886419,-0.008207168996036
18,11.0472556745313,"RhoA/ROCK",0.225026185336818,1.30985245206119
18,11.0472556745313,"Myofibroblast",0.700230021378013,0.749909925373815
18,11.0472556745313,"ECM organization",0.144257750501229,1.08577848768605
18,11.0472556745313,"Fibroblast activation",0.0810070010450028,0.402553592481345
18,11.0472556745313,"Inflammation",0.057198815050403,-0.615102715358636
18,11.0472556745313,"TGF-beta",0.165993981771201,1.09902239284448
18,11.0472556745313,"TGF-beta/SMAD",0.225571389723949,1.79707408627643
19,11.7686191118814,"YAP/TEAD",0.234956652344196,1.17556986683085
19,11.7686191118814,"Integrin/FAK",0.154340343460942,-0.529410879592132
19,11.7686191118814,"RhoA/ROCK",0.200730421104206,0.400627619691961
19,11.7686191118814,"Myofibroblast",0.587856457595238,0.0376963932371038
19,11.7686191118814,"ECM organization",0.141779590665491,0.850100011679478
19,11.7686191118814,"Fibroblast activation",0.0841326488147801,0.797757539255279
19,11.7686191118814,"Inflammation",0.0523130399295933,-1.02856075990925
19,11.7686191118814,"TGF-beta",0.179588348837949,1.98254955760326
19,11.7686191118814,"TGF-beta/SMAD",0.22872877292876,1.98517465660177
20,12.1047410402678,"YAP/TEAD",0.243703744352533,1.35535821338826
20,12.1047410402678,"Integrin/FAK",0.147389236116366,-0.637574817946593
20,12.1047410402678,"RhoA/ROCK",0.191785312851255,0.0658731960835607
20,12.1047410402678,"Myofibroblast",0.569270428089047,-0.0801001887827515
20,12.1047410402678,"ECM organization",0.13874230023109,0.561246980310816
20,12.1047410402678,"Fibroblast activation",0.079254145895742,0.180924245819469
20,12.1047410402678,"Inflammation",0.0541130217872229,-0.876237543903606
20,12.1047410402678,"TGF-beta",0.178486411457923,1.91093227639141
20,12.1047410402678,"TGF-beta/SMAD",0.2317338627529,2.1642023745355
21,12.3729253893035,"YAP/TEAD",0.237185608509138,1.22138398917711
21,12.3729253893035,"Integrin/FAK",0.141077430886599,-0.735790782387228
21,12.3729253893035,"RhoA/ROCK",0.190442389983663,0.0156167477792002
21,12.3729253893035,"Myofibroblast",0.548357367860461,-0.212645282057369
21,12.3729253893035,"ECM organization",0.137532978484542,0.446237810152523
21,12.3729253893035,"Fibroblast activation",0.0861165864926454,1.04860474220219
21,12.3729253893035,"Inflammation",0.0566176968577123,-0.664279762124323
21,12.3729253893035,"TGF-beta",0.181067606454877,2.0786896928383
21,12.3729253893035,"TGF-beta/SMAD",0.235385606276852,2.38175437724794
22,12.6042084518453,"YAP/TEAD",0.227624451672895,1.02486329668574
22,12.6042084518453,"Integrin/FAK",0.132251967762493,-0.873120966196035
22,12.6042084518453,"RhoA/ROCK",0.181595595250917,-0.31545847096569
22,12.6042084518453,"Myofibroblast",0.531186593039682,-0.321472107272875
22,12.6042084518453,"ECM organization",0.135617422231417,0.264064177955449
22,12.6042084518453,"Fibroblast activation",0.0879005120355766,1.27416260004343
22,12.6042084518453,"Inflammation",0.0596478219310437,-0.407855846453846
22,12.6042084518453,"TGF-beta",0.178949425699473,1.94102456815245
22,12.6042084518453,"TGF-beta/SMAD",0.236570172905065,2.45232473374309
23,13.8698652018653,"YAP/TEAD",0.173372691322518,-0.0902312149445842
23,13.8698652018653,"Integrin/FAK",0.142192930683979,-0.718432849997874
23,13.8698652018653,"RhoA/ROCK",0.175203699546298,-0.554663553996278
23,13.8698652018653,"Myofibroblast",0.499628339842422,-0.521485475373691
23,13.8698652018653,"ECM organization",0.138700421296238,0.557264201072701
23,13.8698652018653,"Fibroblast activation",0.0967528111657634,2.3934389267303
23,13.8698652018653,"Inflammation",0.069411404350467,0.418385966794931
23,13.8698652018653,"TGF-beta",0.166798033228408,1.15127942701297
23,13.8698652018653,"TGF-beta/SMAD",0.215252115719806,1.18230508308254
24,17.0936740975952,"YAP/TEAD",0.149300526463156,-0.585012190610175
24,17.0936740975952,"Integrin/FAK",0.167727349922904,-0.321099991855319
24,17.0936740975952,"RhoA/ROCK",0.18203435607204,-0.299038644438858
24,17.0936740975952,"Myofibroblast",0.54966271085293,-0.204372135669371
24,17.0936740975952,"ECM organization",0.1375746642006,0.450202213856473
24,17.0936740975952,"Fibroblast activation",0.0892140397128126,1.44024379679884
24,17.0936740975952,"Inflammation",0.0600249819096827,-0.375938735372197
24,17.0936740975952,"TGF-beta",0.148231240388405,-0.0554163872200654
24,17.0936740975952,"TGF-beta/SMAD",0.194824051882217,-0.0346933644413267
25,17.5988168912883,"YAP/TEAD",0.151744233275375,-0.534784068301513
25,17.5988168912883,"Integrin/FAK",0.194952506343417,0.102541881990424
25,17.5988168912883,"RhoA/ROCK",0.178746209667755,-0.422091549242256
25,17.5988168912883,"Myofibroblast",0.604748109594422,0.144754163134111
25,17.5988168912883,"ECM organization",0.131795202743984,-0.0994373406996216
25,17.5988168912883,"Fibroblast activation",0.0715109075690186,-0.798123482181668
25,17.5988168912883,"Inflammation",0.0551408872452004,-0.789254571538293
25,17.5988168912883,"TGF-beta",0.141489785489098,-0.493558045767915
25,17.5988168912883,"TGF-beta/SMAD",0.192376660659382,-0.180496282542268
26,17.8069240098976,"YAP/TEAD",0.142088015790438,-0.73325864407604
26,17.8069240098976,"Integrin/FAK",0.190239628996269,0.0292063183773996
26,17.8069240098976,"RhoA/ROCK",0.189538986382866,-0.0181914905471151
26,17.8069240098976,"Myofibroblast",0.650943125420195,0.437534015270723
26,17.8069240098976,"ECM organization",0.131636738561893,-0.114507634551634
26,17.8069240098976,"Fibroblast activation",0.0731584842700352,-0.58980544290978
26,17.8069240098976,"Inflammation",0.0581360260375314,-0.535791365063568
26,17.8069240098976,"TGF-beta",0.147807494113138,-0.0829565693650143
26,17.8069240098976,"TGF-beta/SMAD",0.194820874914413,-0.0348826317608241
27,18.0619029312558,"YAP/TEAD",0.130161793224077,-0.978391064523639
27,18.0619029312558,"Integrin/FAK",0.196484679113048,0.126383528045865
27,18.0619029312558,"RhoA/ROCK",0.193718022034364,0.13820132563758
27,18.0619029312558,"Myofibroblast",0.672545494375996,0.574447885211456
27,18.0619029312558,"ECM organization",0.133907634084429,0.101459547307712
27,18.0619029312558,"Fibroblast activation",0.0784246622462124,0.0760451179637138
27,18.0619029312558,"Inflammation",0.0589123722687195,-0.470093172513909
27,18.0619029312558,"TGF-beta",0.151187147417857,0.136694370434191
27,18.0619029312558,"TGF-beta/SMAD",0.19760156625317,0.130776584365367
28,18.3207282195123,"YAP/TEAD",0.121567014300578,-1.15504875718417
28,18.3207282195123,"Integrin/FAK",0.21949989154396,0.484515821965131
28,18.3207282195123,"RhoA/ROCK",0.2002051974765,0.380972079726825
28,18.3207282195123,"Myofibroblast",0.722377416357579,0.890278121193564
28,18.3207282195123,"ECM organization",0.133821329690119,0.0932518087145592
28,18.3207282195123,"Fibroblast activation",0.0830866874133441,0.665507169262321
28,18.3207282195123,"Inflammation",0.0587559422780138,-0.483331038864074
28,18.3207282195123,"TGF-beta",0.152705151360187,0.235352712722153
28,18.3207282195123,"TGF-beta/SMAD",0.202682221422752,0.433455756652276
29,18.5590921762688,"YAP/TEAD",0.127650679770057,-1.03000466770581
29,18.5590921762688,"Integrin/FAK",0.227344373990056,0.60658128199349
29,18.5590921762688,"RhoA/ROCK",0.208513495782284,0.691895048110348
29,18.5590921762688,"Myofibroblast",0.766455782261537,1.16964283665241
29,18.5590921762688,"ECM organization",0.13344028736688,0.0570138418409597
29,18.5590921762688,"Fibroblast activation",0.0784928930562689,0.084672157032745
29,18.5590921762688,"Inflammation",0.0604666714112917,-0.338560822325001
29,18.5590921762688,"TGF-beta",0.152731523204702,0.237066675637754
29,18.5590921762688,"TGF-beta/SMAD",0.201665873229011,0.37290698493508
30,18.8126673502713,"YAP/TEAD",0.132897163390243,-0.922168073050738
30,18.8126673502713,"Integrin/FAK",0.232354202293215,0.684537603610675
30,18.8126673502713,"RhoA/ROCK",0.213561899785056,0.880822395248165
30,18.8126673502713,"Myofibroblast",0.785960386466131,1.29326126242679
30,18.8126673502713,"ECM organization",0.136598616989421,0.357377967444373
30,18.8126673502713,"Fibroblast activation",0.0893285659733289,1.45472438882298
30,18.8126673502713,"Inflammation",0.0626881527025582,-0.150568274984704
30,18.8126673502713,"TGF-beta",0.151125941554544,0.132716469689415
30,18.8126673502713,"TGF-beta/SMAD",0.207138180163673,0.698918744874969
31,19.0708391677146,"YAP/TEAD",0.136564776054395,-0.846783703471404
31,19.0708391677146,"Integrin/FAK",0.222924916472034,0.537811529658642
31,19.0708391677146,"RhoA/ROCK",0.199436797205279,0.352216095716458
31,19.0708391677146,"Myofibroblast",0.741273540365164,1.01004005425061
31,19.0708391677146,"ECM organization",0.133864942639781,0.0973994965926032
31,19.0708391677146,"Fibroblast activation",0.0830359936131451,0.65909749312756
31,19.0708391677146,"Inflammation",0.0644070955784702,-0.00510297161007794
31,19.0708391677146,"TGF-beta",0.145779267429572,-0.214775385380508
31,19.0708391677146,"TGF-beta/SMAD",0.192349596110877,-0.182108648441278
32,19.3666359785817,"YAP/TEAD",0.14180974734608,-0.738978193323106
32,19.3666359785817,"Integrin/FAK",0.210721678260533,0.347920877680203
32,19.3666359785817,"RhoA/ROCK",0.200217237801539,0.381422667014833
32,19.3666359785817,"Myofibroblast",0.711259716420278,0.819815139732126
32,19.3666359785817,"ECM organization",0.13484909513162,0.190994573104498
32,19.3666359785817,"Fibroblast activation",0.0833912449382325,0.704015134561364
32,19.3666359785817,"Inflammation",0.0694905989288984,0.425087797052697
32,19.3666359785817,"TGF-beta",0.14348546757773,-0.363854372998816
32,19.3666359785817,"TGF-beta/SMAD",0.193890184207028,-0.0903283732181515
33,19.6741391025945,"YAP/TEAD",0.142332796960825,-0.728227394621905
33,19.6741391025945,"Integrin/FAK",0.203058124029991,0.228670783230823
33,19.6741391025945,"RhoA/ROCK",0.188738257364887,-0.0481573191654434
33,19.6741391025945,"Myofibroblast",0.671540047892793,0.568075455904497
33,19.6741391025945,"ECM organization",0.137635612344045,0.455998516966289
33,19.6741391025945,"Fibroblast activation",0.0800278043370435,0.2787448871642
33,19.6741391025945,"Inflammation",0.0714298127412592,0.589193497990354
33,19.6741391025945,"TGF-beta",0.145052766583268,-0.261992238491693
33,19.6741391025945,"TGF-beta/SMAD",0.187428070834961,-0.475307684231335
34,20.0264352462933,"YAP/TEAD",0.145134709581076,-0.670636684850794
34,20.0264352462933,"Integrin/FAK",0.198612603432592,0.159495471727998
34,20.0264352462933,"RhoA/ROCK",0.18973144197208,-0.0109891898017664
34,20.0264352462933,"Myofibroblast",0.648698056338241,0.423304969515439
34,20.0264352462933,"ECM organization",0.138843948179314,0.57091392478359
34,20.0264352462933,"Fibroblast activation",0.082591985845885,0.602957571119658
34,20.0264352462933,"Inflammation",0.073051862964541,0.726459274023421
34,20.0264352462933,"TGF-beta",0.144595722231795,-0.291696534252054
34,20.0264352462933,"TGF-beta/SMAD",0.189996066189993,-0.322319795356053
35,20.3913317898157,"YAP/TEAD",0.146122908233635,-0.65032517999359
35,20.3913317898157,"Integrin/FAK",0.190909870508533,0.0396357302712742
35,20.3913317898157,"RhoA/ROCK",0.178964926438354,-0.413906471498651
35,20.3913317898157,"Myofibroblast",0.603498666706955,0.136835306579859
35,20.3913317898157,"ECM organization",0.137865101772797,0.477823468709887
35,20.3913317898157,"Fibroblast activation",0.0727466182893307,-0.641881387835575
35,20.3913317898157,"Inflammation",0.0773600857390131,1.09104203106331
35,20.3913317898157,"TGF-beta",0.143381400222068,-0.370617934350375
35,20.3913317898157,"TGF-beta/SMAD",0.184469429084408,-0.651568266038235
36,20.7279339922262,"YAP/TEAD",0.132781794330237,-0.924539376853482
36,20.7279339922262,"Integrin/FAK",0.183964984673228,-0.0684313971850254
36,20.7279339922262,"RhoA/ROCK",0.174891504346652,-0.566346892101908
36,20.7279339922262,"Myofibroblast",0.590579699197003,0.054956053381047
36,20.7279339922262,"ECM organization",0.137593589733681,0.452002073869436
36,20.7279339922262,"Fibroblast activation",0.0778104157884064,-0.00161962301064116
36,20.7279339922262,"Inflammation",0.0807109894318643,1.37461179308995
36,20.7279339922262,"TGF-beta",0.145104611890781,-0.258622700408167
36,20.7279339922262,"TGF-beta/SMAD",0.179684191705798,-0.936647973400737
37,21.0335403651031,"YAP/TEAD",0.126481001697265,-1.05404631337632
37,21.0335403651031,"Integrin/FAK",0.193387712687339,0.0781926328473245
37,21.0335403651031,"RhoA/ROCK",0.174679423975681,-0.574283614647397
37,21.0335403651031,"Myofibroblast",0.62419077043942,0.267979997471091
37,21.0335403651031,"ECM organization",0.140022107202543,0.682959451098546
37,21.0335403651031,"Fibroblast activation",0.0758911564073467,-0.244288963302859
37,21.0335403651031,"Inflammation",0.0870661637626496,1.91241754276377
37,21.0335403651031,"TGF-beta",0.143845631625672,-0.340446536608621
37,21.0335403651031,"TGF-beta/SMAD",0.185085720623564,-0.614852801844588
38,21.301307029029,"YAP/TEAD",0.121730345778789,-1.15169163045219
38,21.301307029029,"Integrin/FAK",0.21182725727286,0.36512443593465
38,21.301307029029,"RhoA/ROCK",0.190424376898958,0.014942640812887
38,21.301307029029,"Myofibroblast",0.648587766941887,0.422605965248861
38,21.301307029029,"ECM organization",0.139790115838135,0.660896559745902
38,21.301307029029,"Fibroblast activation",0.087718826357889,1.251190434853
38,21.301307029029,"Inflammation",0.0880371888100233,1.99459040323515
38,21.301307029029,"TGF-beta",0.150213417774241,0.0734095858581894
38,21.301307029029,"TGF-beta/SMAD",0.18875117738829,-0.396483835132793
39,21.6282990803574,"YAP/TEAD",0.116398523621707,-1.26128227941829
39,21.6282990803574,"Integrin/FAK",0.225992961287079,0.585552385006267
39,21.6282990803574,"RhoA/ROCK",0.196590445404805,0.245696551244745
39,21.6282990803574,"Myofibroblast",0.678664667356605,0.613230652755426
39,21.6282990803574,"ECM organization",0.137552394496098,0.448084315752211
39,21.6282990803574,"Fibroblast activation",0.0864892620493919,1.09572548700156
39,21.6282990803574,"Inflammation",0.0870373992687343,1.90998335144046
39,21.6282990803574,"TGF-beta",0.143360418666652,-0.371981570779929
39,21.6282990803574,"TGF-beta/SMAD",0.190124552419526,-0.314665249966252
40,21.9269460201209,"YAP/TEAD",0.109299221539706,-1.40720183551966
40,21.9269460201209,"Integrin/FAK",0.24160508213233,0.828487559645147
40,21.9269460201209,"RhoA/ROCK",0.197175965463418,0.267608575581331
40,21.9269460201209,"Myofibroblast",0.66850595638281,0.548845657022902
40,21.9269460201209,"ECM organization",0.137424543106915,0.435925366146301
40,21.9269460201209,"Fibroblast activation",0.09024037770772,1.57001300183641
40,21.9269460201209,"Inflammation",0.088173305772538,2.00610928238122
40,21.9269460201209,"TGF-beta",0.142228168155459,-0.445568967606846
40,21.9269460201209,"TGF-beta/SMAD",0.192291485750415,-0.185570563335881
41,22.1864517717489,"YAP/TEAD",0.104539275603289,-1.50503810028002
41,22.1864517717489,"Integrin/FAK",0.251948761667432,0.989442219116221
41,22.1864517717489,"RhoA/ROCK",0.205368031970002,0.574181780066432
41,22.1864517717489,"Myofibroblast",0.706418314083049,0.78913076750951
41,22.1864517717489,"ECM organization",0.135729320684339,0.27470596807399
41,22.1864517717489,"Fibroblast activation",0.0895726743838532,1.48558922529392
41,22.1864517717489,"Inflammation",0.0878416492723042,1.97804289687258
41,22.1864517717489,"TGF-beta",0.142599170741696,-0.421456711293096
41,22.1864517717489,"TGF-beta/SMAD",0.194544076567659,-0.0513728464456436
42,22.4987941240384,"YAP/TEAD",0.110197760716792,-1.38873319784998
42,22.4987941240384,"Integrin/FAK",0.261864838551834,1.14374309172173
42,22.4987941240384,"RhoA/ROCK",0.211687875335802,0.810690435231767
42,22.4987941240384,"Myofibroblast",0.689326101572002,0.680801863141429
42,22.4987941240384,"ECM organization",0.13417634197388,0.127014261319018
42,22.4987941240384,"Fibroblast activation",0.0854270041982812,0.961414609330127
42,22.4987941240384,"Inflammation",0.0837978155608846,1.63583402776394
42,22.4987941240384,"TGF-beta",0.137885855585809,-0.727785204252648
42,22.4987941240384,"TGF-beta/SMAD",0.196566317111736,0.0691017918866036
43,22.8198123142049,"YAP/TEAD",0.12227672846185,-1.14046124221785
43,22.8198123142049,"Integrin/FAK",0.271237626342879,1.28959001805803
43,22.8198123142049,"RhoA/ROCK",0.220405260275801,1.13692272761341
43,22.8198123142049,"Myofibroblast",0.692042166808935,0.69801604013104
43,22.8198123142049,"ECM organization",0.130756666593343,-0.198204423327305
43,22.8198123142049,"Fibroblast activation",0.0847252982475847,0.872691572821833
43,22.8198123142049,"Inflammation",0.0781190453952242,1.15526888710777
43,22.8198123142049,"TGF-beta",0.129658274797982,-1.26251338178389
43,22.8198123142049,"TGF-beta/SMAD",0.198693880170726,0.195851001228519
44,23.1584265357572,"YAP/TEAD",0.127109050119431,-1.041137361776
44,23.1584265357572,"Integrin/FAK",0.322418283838705,2.08599571399929
44,23.1584265357572,"RhoA/ROCK",0.23404865504829,1.64750198769333
44,23.1584265357572,"Myofibroblast",0.706729163991268,0.791100906247161
44,23.1584265357572,"ECM organization",0.126102451936577,-0.640830520924066
44,23.1584265357572,"Fibroblast activation",0.0805282012035238,0.342014593526674
44,23.1584265357572,"Inflammation",0.0740875159030599,0.814101260853582
44,23.1584265357572,"TGF-beta",0.123865163019441,-1.63902018049647
44,23.1584265357572,"TGF-beta/SMAD",0.200626843898038,0.311006988304003
45,23.5435510729304,"YAP/TEAD",0.137117424098393,-0.835424536566129
45,23.5435510729304,"Integrin/FAK",0.336535897267749,2.30567534099322
45,23.5435510729304,"RhoA/ROCK",0.235566304837518,1.70429727357093
45,23.5435510729304,"Myofibroblast",0.700996759304724,0.754769441336672
45,23.5435510729304,"ECM organization",0.119682881389622,-1.25134586432704
45,23.5435510729304,"Fibroblast activation",0.0765465105184842,-0.16142660953402
45,23.5435510729304,"Inflammation",0.0749952246349586,0.890915986876038
45,23.5435510729304,"TGF-beta",0.123639379458327,-1.65369433992003
45,23.5435510729304,"TGF-beta/SMAD",0.197414004508399,0.119602625148456
46,24.1804100833962,"YAP/TEAD",0.142920876701154,-0.716139962129272
46,24.1804100833962,"Integrin/FAK",0.324141305608943,2.11280709976862
46,24.1804100833962,"RhoA/ROCK",0.225013007343271,1.30935928959636
46,24.1804100833962,"Myofibroblast",0.642292206467793,0.382705269648411
46,24.1804100833962,"ECM organization",0.115452172601654,-1.65369561804206
46,24.1804100833962,"Fibroblast activation",0.067311836906485,-1.32905000392924
46,24.1804100833962,"Inflammation",0.0751461378105018,0.903686993505319
46,24.1804100833962,"TGF-beta",0.120176669333411,-1.87874332116551
46,24.1804100833962,"TGF-beta/SMAD",0.198962876849709,0.211876432875586
47,25.1818165631815,"YAP/TEAD",0.155140707043821,-0.464972706723006
47,25.1818165631815,"Integrin/FAK",0.296656359139145,1.68512271679692
47,25.1818165631815,"RhoA/ROCK",0.222679175205501,1.22201986228196
47,25.1818165631815,"Myofibroblast",0.729874073682382,0.937791260519082
47,25.1818165631815,"ECM organization",0.117678637710403,-1.44195386670529
47,25.1818165631815,"Fibroblast activation",0.0745650539609846,-0.411960101969332
47,25.1818165631815,"Inflammation",0.0740992135185678,0.815091169949724
47,25.1818165631815,"TGF-beta",0.124540050398623,-1.59515779766296
47,25.1818165631815,"TGF-beta/SMAD",0.193966310789972,-0.0857931449167766
48,25.8274499893563,"YAP/TEAD",0.185409313869521,0.157170374497775
48,25.8274499893563,"Integrin/FAK",0.294137320480031,1.6459247690844
48,25.8274499893563,"RhoA/ROCK",0.224953184940909,1.30712054488192
48,25.8274499893563,"Myofibroblast",0.679238776543107,0.616869305101999
48,25.8274499893563,"ECM organization",0.11311537956197,-1.87592979938634
48,25.8274499893563,"Fibroblast activation",0.0691444826311424,-1.09733201240564
48,25.8274499893563,"Inflammation",0.0699786444330982,0.466388580414318
48,25.8274499893563,"TGF-beta",0.120864539774509,-1.83403714120432
48,25.8274499893563,"TGF-beta/SMAD",0.190876206915993,-0.269885560488703
49,26.4068171449827,"YAP/TEAD",0.186482635012047,0.17923149302217
49,26.4068171449827,"Integrin/FAK",0.26595220199391,1.20734523530335
49,26.4068171449827,"RhoA/ROCK",0.223038773259633,1.23547716608842
49,26.4068171449827,"Myofibroblast",0.76921528339087,1.18713230641825
49,26.4068171449827,"ECM organization",0.120896369726043,-1.13594044226538
49,26.4068171449827,"Fibroblast activation",0.0764197478234372,-0.177454364763099
49,26.4068171449827,"Inflammation",0.0712420688814294,0.57330569979207
49,26.4068171449827,"TGF-beta",0.124383152413786,-1.60535493527292
49,26.4068171449827,"TGF-beta/SMAD",0.190746876176031,-0.277590417444448
50,26.9965268393966,"YAP/TEAD",0.228020465693476,1.03300299681763
50,26.9965268393966,"Integrin/FAK",0.236388766980937,0.747318162813292
50,26.9965268393966,"RhoA/ROCK",0.220186164282366,1.12872345814419
50,26.9965268393966,"Myofibroblast",0.723798336594173,0.899283785751333
50,26.9965268393966,"ECM organization",0.124545475083396,-0.788902459885964
50,26.9965268393966,"Fibroblast activation",0.0700826844639686,-0.978706660314272
50,26.9965268393966,"Inflammation",0.0613129164283493,-0.266947454678772
50,26.9965268393966,"TGF-beta",0.135025466797587,-0.913688025896116
50,26.9965268393966,"TGF-beta/SMAD",0.199307919682072,0.23243230124632
